0,350,439,443,184,361,421,72,169,347,472,360,435,460,79,498,158,355,128,454,213,86,329,271,19,56,274,283,82,166,265,125,15,22,10,364,247,244,218,298,322,392,84,228,438,449,391,349,259
1,198,131,494,154,42,245,474,435,207,183,309,463,157,135,290,59,111,236,222,34,188,459,281,243,430,77,377,408,118,374,143,186,19,182,53,465,316,51,64,27,382,489,359,423,458,177,204,50,330,141,45,371,4,206,483,200,453,431,112,381,355,433,54,20,8,28,442,499,175,94,334,239
2,198,420,135,419,182,429,454,31,403,444,481,346,124,456,245,157,397,284,213,11,172,18,302,56,165,318,490,74,9,467,241,107,402,17,338,457,477,371,409,300,265,367,291,134,441,323,181,25,125,229,421,132,190,29,356,376,52,216,255,20,372,217,67,351,476,252,197,174,4
3,32,306,149,90,105,368,42
4,303,165,34,321,291,333,235,379,122,183,318,430,493,82,326,20,294,93,332,346,119,186,164,189,202,482,383,486,431,312,484,389,338,28,99,453,86,465,306,252,146,301,382,476,396,412,171,8,128,98,195,386,12,194,264,30,248,434,278
5,79,349,128,227,399,283,27,415,228,46,87,22,389,193,321,310,185,121,268,306,320,44,226,208,35,160,99,7,395,322,163,273,467,192,450,176,195,315,150,317,353,62,323,50,187,485,358
6,430,476,355,407,55,315,462,111,372,322,206,297,488,394,433,387,381,290,489,442,183,106,162,187,286,41,34,121,141,231,236,153,14,230
7,265,353,64,213,125
8,424,415,81,497,120,438,309,10,367,84,75,406,99,265,277,440,194,169,152,322,210,404,117,218,276,266,59,387,124,53,283,412,73,254,23,301,470,9,368,427,307,314,430,168,489,484
9,385,327,105,482,465,213,121,424,458,494
10,136,313,274,61,93
11,141,153,127,46,144,323,19,70,24,421,286,193
12,36,77,385,426,246,310,328,405,180,273,211,102,322,312,411,459,114,367,37,193,363,337,146,379,173,431,342,122,428,458,133,189,219,233,473,378,445,412,214,168,482,215,268,17,251,81,272,156,382,150,203,289,389,380,134,202,327,100,101,208,65,216,435,344,151,450,19,418,451,282,39,234,486,414,33,258,448,326,419,369,84,232,483
13,488,68,317,265,123,329,70,81,445,226,419,82,417,224,135,343,322,177,75,366,412,100,205,425,202,313,380,493,76,332,73,37,155,203,112,345,467,118,239,339,269,435,147,39,156,144,249,115,279,87,298,321,44,304,158,159,258,354,364,280,476,277,43,490,238,385,424,416,492,447,449,254,18,404,93,386,27,429,16,237,122,461,276,274
14,84,152,232,365,332,495,176,297,464,276,480,476,466,278,463,51,307,36,415,138,362,303,16,432,157,243,254,345,187,499,67,335,290,442,275
15,224,349,109,253,211,83,485,317,113,373,226,47,298,283,236,480,80,361,400,324,221,346,126,139,142,243,492,86,490,90,181,486,131,77,471,127,335,474,51,89,29,362,208,464,50
16,29,309,305,102,380,438,166,424,194,425,328,37,36,361,330,51,266,419,151,268,478,278,301,444,487,201,477,209,105,461,369,34,114,294,103,304,154,313,475,319,244,286,277,222
17,66,213,63,134,344,71,298,203,237,85,247,92,50,448,196,475,468,333,133,411,91,149,446,437,486,473,363,64,471,193,231,121,40,405,292,367,280,336,316,414,82,258,350,270,427,348,455,319,41,179,255,387,78,187,84,115,108,456,401,56,207,303,487,110,118,276,449,380,308,272,145,97,476,341,219,43,175,147,443,392
18,298,62,99,340,102,306,413,255
19,132,285,400,154,246,483,488,236,257,338,217,312,83,433,265,277,168,453,455,189,63,59,33,281,74,451,472,390,165,240,219,264,406,284,369,334,326,370,292,320,348,145,480,477,152,293,241,331,403,442,396,485,279,195
20,232,361,226,427,348,90,272,310,228,290,231,356,198,80,316,258,45,350,75,456,237,439,268,336,362,145,335,384,250,466,218,273,360,94,173,135,274,127,422,245,332,24
21,79,115,195,100,417,116,43,310,299,406,42,163,344,294,339,228,68,327,260,184,147,403,126,105,286,438,302,51,272
22,334,118,331,382,286,304
23,192,189,458,442,382,160,423,262,410,485,215,233,128,492,62,35,264,398,138,429,184,77,376,26,322,452,280,84,120,210,282,400,399,353,472,464,201,462,125,115,238,290,49,56,339,481,367,394,41,122,404,188,285,240,92,328,358,385,110,315,469,341,174
24,76,43,268,86,90,279,236,484,246,331,479,418,280,120,224,390,357,198,339,92,402,241,293,33,434,204,132,263,414,344,265,106,66,368,169,437,131,84,440,435,274,454,49,124,385,119,72,209,226,396,203,488,410,471,144,95,105,245,51,426,431,244,326,416,476,294,188,57,133,371,391,121,177,103,152,240,301,46,304,58,104,273
25,433,349,149,281,357,242,438,136,179,425,439,461,304,97,77,476,292,320,41,122,214,188,423,110,240,233,123,379,465,255,436,47,343
26,392,260,362,265,305,107,337,106,285,60,256,78,264,296,27,251,149,224,373,213,177,176,276,405,448,324,346,34,489,65,454,170,327,358,180,391,356,111,460,145,341,455,181
27,34,112,324,327,48,400,42,202,455,458,298,282,331,292,317,40,415,490,44,368,148,236,78,405,304,200,127,289,199,231,204,219,293,381,295,87
28,263,87,227,318,73,310,274,146,221,59,484,71,475,375,61,151,295,345,257,309
29,73,233,279,173,215,258,357,60,66,427,374,493,172,310,295,398,39,411,284,176,106,76,246,497,93,299,100,132,306,35,414,375,441,264,385,476,330,64,131,426,379,345,110,430,459,214,439,453
30,229,438,79,41,454,330,189,446,107,320,401,243,103,147,264,424,472,179,90,286,294,161,422,178,118,51,415,309,373,333,455,421,203,337,74,215,353,399,493,97,67,420,384,210,139,65,377,477,194,92,217,390,395,450,195,338,292,404,48,115,378,53,355,321,334
31,353,381,81,122,191,477,236,177,463,38,286,350,77,388,295,210,384,298,466,119,64,303,60,267,410,136,421,142,325,237,257,377,234,312,365,222,292,420,248,275,402,95,195,228,348,439,86,397,51,99,264,446,213,331,154,167,212,369,300,442,149,44,131,334,168,311,468,93,158,301,451,231,411,156,113,400,320,221
32,245,468,88,249,53,483,327,365,182,71,138,48,168,382,35,281,453,185,311,459,268,376,225,116,313,143,195,293,202,72,288,495,244,292,480,239,102,373,356,320,487,174,77,95,297,374,206,499,450,162,196,46,61,173,58,91,228,104,396,272,439,92,451,155,463,179,315,493,402,248,199,380,141,428,38,54,491,494,82,378,73,447,259
33,375,401,482,98,467,328,263,465,315,446,453,117,231,210,464,312,368,64,132,484,124,242,198,73,54,471,204,398,238,91,380,247,492,40,67,130
34,405,146,373,433,444,99,229,188,394,343,171,143,322,225,355,303,252,401,201,230,470,134,209,101,419,168,71,454,420,158,483,224,251,387,348,151,59,309,366,406,148,273,147,340,176,88,183,260,362,187,494,190,120,227,308,42,55,285,114,374,289,364,202,186,137,389,83,282,475,370,321,269
35,127,318,225,51,172,368,396,433,66,348,415,448,52,423,117,310,297,424,251,341,373,306,268,390,64,179,280,203,142,61,213,106,150,94,481,336,487,407,277,264,465,489,194,332,440,483,99,466,301
36,223,116,362,386,259,136,377,487,464,334,48,118,302,131,261,230,324
37,281,178,90,429,220,152,240,349,204,357,292,143,66,209,437,38,372,394,316,401,75,472,379,454,73,455,298,150,110,134,467,294,350,446,375,395,176,367,377,380,117,450,270,50,286,169,247,69,470,244,418,320,425,216,115,419,432,354
38,228,280,422,448,60,195,400,418,289,412,264,43,395,387,270,336,51,106,299,455,186,129,405,460,121,272,435,377,59,217,458,305,209,331,157
39,380,160,276,256,150,141,218,383,54,432,265,267,490,110,316,67,349,56,436,425,333,366,151,307,47,89,356,317,362,229,272,85,444,326,358,331,384,181,189,140,41,409,251,206,439,153,328,52,100,450,45,481,123,458,49,283,82,461,143,83,250,204,447,431,404,222,340,120
40,390,221,77,155,259
41,325,281,466,102,299,124,364,418,282,366,68,208,129,245,184,72,461,146,321,239,404,475,45
42,245,154,246,250,328,177,483,489,485,196,427,88,306,319,242,482,66,459,356,498,207,273,105,210,426,359,494,69,465,454,284,497,161,120,223,449,117,172,281,134,420,287,96,176
43,196,474,469,223,309,443,327,496,107,49,275,78,335,74,328,403,282,66,386,257,240,448,395,231,117,305,303,409,226,314,179,492,154,411,169,401,118,139,351,306,494,246,486,238,207,293,146,416,422,476,488,216,431,150,369,462,170,450,472,405,380,495,131,59,255,424,291,278,360,64,143,222,186
44,339,249,369,415,494,318,449,496,113,102,216,124,295,278,178,75,107,186,315,182
45,292,278,491,268,433,186,429,287,439,367,470,326,306,357
46,328,52,295,182,108,451,363,375,484,201,253,281,184,380,315,433,119,94,98,185,128,71,54
47,445,388,395,141,343,375,93,381,142,438,160,269,132,446,285,297,58,143,74,82,281,56,265,138,409,487,105,83,191,339,271,222,112,383,455,430,228,183,199,144,294,216,229,434,444,393,385,454,411,320,276,48,498
48,54,231,284,206,282,316,374,429,369,230,338,67,490,309,119,339,326,215,240,249,123,409,264,487,377,470,145,389,332,275,172,331,168
49,133,122,405,70,273,235,141,276,179,429,353,416,180,359,134,303,269,478
50,381,83,400,123,113,442,290,444,457,248,155,84,227,337,255,187,287,112,466,365,389,178,139,59
51,270,68,310,358,458,174,364,204,67,238,90,210,252,285,101,437,226,239,420,305,370,374,261,330,258,489,73,311,234,474,255,134,225,175,414,251,236,338,184,254,472,481,498,111,402,149,298,188,459,293,467,283,53,479,341,492,145,303,83,404,387
52,72,224,242,321,256,470,104,109,67,427,393,191,190,360,480,485,138,57,91,322,425,194,144,483,102,258,71,164,213,353,286,476,357,395,76,386,468,94,452,141,384,346,337,417,88,411,394,368,413,397,200,132,126,238,307,70,406,185,273,479,449,336,284,168,316,172,388,345,157,311,367,237,130,457,320,206
53,319,301,297,483,93,105,412,194,171,413,431,426,414,377,90,390,309,312,478,432,369,352,128,378,224,169,209,181,127,186,179,336,235,379,175,165,403,467,83,167,161,446,348,440,385,346,247,272,487,350,353,422,117,87,389,248,313,183,310,214,270,482,495,263,469,345,450,451,381,382,234,391,286,156
54,343,405,328,145,492,447,242,497,425,330,295,456,396,134,187,241,321,171,72,494,303,453,250,483,254,104,170,473,245,74,100,149,62,441,258,93,435,300,158,422,118,244,273,283,79,75,308,403,367,58,287,123,438,400,415,355,189,68,398,358,346,90,204,257,148,210,442,261,310,88
55,304,116,235,131,117,349,132,288,483,223,284,91,346,237,359,428,277,95,59,276,358,259,77,107,384,394,213,313,97,246,492,481,225,441,254,475,387,183,316,421,148,309,228,362,408,93,207,351,239,160,126,196,478,271,165
56,183,449,391,249,469,475,87,150,170,386,311,256,413,236,333,377,400,86,407,95,261,247,376
57,208,127,107,438,201,425,230,84,239,250,253,488,270
58,163,359,134,204,439,348,90,140,72,379,61,352,262,126,77,467,396,453,155,136,486,267,184,468,409,182,301,443,431,317,415,257,240,367,194,100,441,141,464,386,300,88,111,286,484,175,499,183,360,428,248,482,213,97,146,474,139,130,466,329,363,241,242,342,345,408,314,198,353,422,101,372,92,226
59,345,132,415,103,368,92,208,165,441,369,264,196,76,458,216,462,129,131,367,475,426,265,118,494,317,467,63,424,464,465,404,388,158,67,82,258,433,111,338,286,478,342,204,331,470,395,422,460,71,156,373,120,268,215,152,271,186,430,154,295,220,110,256,160,139,124,436
60,310,499,391,180,80,373,127,232,251
61,492,111,79,461,143,402,468,397,237,312,451,317,206,91
62,440,341,270,330,163,329,355,433,120,170,279,189,487,392,119,359,362,335
63,215,147,398,344,268,320,498,318,269,241,429,123,305,439,446,265,212,326,68,460,433,267
64,219,83,361,162,103,221,273,183,453,481,358,369,324,392,200,144,98,159,344,236,393,322,446,455,305,179,383,355,238,228,473,491,291,489,450,276,249,287,259,87,399,185,461,412,280,319,76,227,365,465,203,335,211,157,448,212
65,293,97,314,482,133,299,283,209,146,78,175,497,461,203,73,328,163,252,310,361,250,401,322,471,448,408,426,86,277,204,119,383,379,371,492,117,476,352,184,391,248,87,309,331,306,443,106,85,292,261,92,343,262,129,215,375,116,453,491,234,434,403,194,455,162,108,72
66,128,343,135,335,434,143,238,271,102,244,483,84,405,217,449,440,277,176,455,402,432,146,360,464
67,334,390,288,141,101,129,114,111,332,233,319,386,440,227,171,68,486,291,394,181,229,306,416,303,131,461,214,397,166,196,338,216,401,379,466,95,86,158,184,187,391,322,190,366,403,374,143,207,176,429,132,325,415,135,282,487,136,293,301,189,412,331,356,99,450,383
68,261,72,439,366,184,213,321,343,217,86,280,322,428
69,438,441,192,303,92,246,250,401,399,490,267,463,270,282,149,155,86,179,171,201,448,326,202,361,205,76,370,318,421,199,462,404,221,427,314,376,100,175,225,347,292,488,126,151,313,88,409,114,288,355,493,495,218,482,111,290,351,222,296,476,217,424,499,135,243,269,481,197,180,140,82
70,220,136,488,88,214,263,469,278,77,310,350,387,259,114,270,289,124,170,115,376,282,74,184,228,402,343,456,481,225,138,455,254,242,447,191,347,125,252,326,434,386,335,185,495,384,144,305
71,312,410,230,225,296,424,78,231,290,102,314,421,308,257,143,137,153,458,80,495,215,289,297,280,475,362,438,469,442,207,274,82,197,392,460,369,284,200,118,326,380,135,253,152,92,418,199,131,196,391
72,152,475,372,165,254,392,123,329,134,311,211,280
73,498,301,397,378,192,426,74,172,175,458,307,126,188,198,228
74,438,447,415,191,135,212,382,165,477,356,266,395,128,367,398,277,327,453,338,474,399,237,384,75,79,381,78,452,281,138,227,106
75,447,420,196,85,86,335,361,346,134,352,325,492,324,394,356,348,435,416,282,229,213,174,413,264,437,304,310,398,183,286,217,103,412,322,89,93,215,294,428,254,266,299,143,326,315,472,388,384,235,330,193,201,147,98,490,301,387,256,211,446,458,261,107,471,337,287,257,498
76,246,496,204,99,199,457,164,132,349,249,351,272,356,315,239,389,381,286
77,129,259,393,204,465,377,287,358,78,392,181,141,461,341,257,213,84,102,420,262,451,82,382,285,439,119,433,283,289,96,438,79
78,103,228,239,106,377,401,316,413,130,160,380,254,306,310,138,113,219,197,104,290,245,384,325,356,200,367,426,470,173,387,434,307,209,244,482,492,287,86,93,360,330,444,408,231,353,488,398,437,393,458,481,322,410
79,210,426,132,359,488,205,467,276,440,225,176,475,404,275,420,141,118,294,173,371,473,221,232,287,230,95,384,452,149,331,388,441,207,198,499,100,387,209,382,492,445,489,421,491,363,109,468,174,165
80,455,447,377,234,437,292,237,404,115,393,398,274,357,267,202,434,303,162,180,477,385,360,112,438,228,98,127,111,299,117,100,391,134,310,309,165,200,441,305,211,343,409,273,497,233,436,417,189,146,105,279,154,371,386,241,212,282,452,226,183
81,465,293,285,335,109,370,376,91,95,85,84,487,197
82,337,269,497,476,270,365,333,388,460,449,330,141,210,348,389,352,211,447
83,122,387,454,467,150,256,392,382,110,156,493,111,275,253,214,340,419,393,344,258,251,101,259,498,244,361,157,475,241,390,201,336,302,375,496,262,282,295,190,366,130,428,266,162,90,121,217,183,208,248,124,285,171,134,116,215,305,462,414,436,482,372,411,481,412,431,103,187,203,438,409,360,167,349,492,200,206
84,255,299,109,204,124,457,220,149,230,215,331,237,401,281,148,413,462,248,314,133,315,449,196,289,328,427,291,300,267,119,175,399,330,163,420,112,477,306,337,384,132,309,284,253,412
85,171,164,194,334,482,375,169,222,190,426,330,383,360,235,466,165,323,465,486,438,374,159,155,481,203,338,380,366,320,254,253,192,385,416,373,313,118,487,180,468,310,294,396,364,436,379,220,437,342,205,456,189,369,289,266,457,162,225,168,419,417,125,103,474,142,174,224,114,238,324,229,434,277,198
86,125,327,129,321,275,479,473,380,498,346,133,233,361,394,365,172,190,217,420,373,174,409,158,170,460,157,203,297,221,356,354,404,93,208,191,419,87,144,286,269,407,490,186,295,224,112,358,109,483,179,370
87,303,157,442,251,109,202,471,416,136,482,91,448,399,427,494,200,390,106,468,410,99,477,305,176,388,418,93,150,487,219,483,316,327,341,272,89,256,263,142,419,162
88,365,461,321,115,378,475,129,337,257,347,142,284,185,148,297,382,325,305,276,462,485,168
89,256,495,241,337,153,225,306,398,101,264,239,94,247,138,91,189,165,484,121,120,474,195,440,119,170,397,443,476,215,257,421,483,349,288,113,97,266,348
90,444,136,428,478,172,480,372,373,427,218,437,451,442,464,354,316,492,371,222,92,249,163,345,276,483,404,364,472,160,336,254,318,137,124,198
91,96,263,431
92,124,266,233,365,475,144,314,456,496,257,190,237,198,343,97,360,206,409,243,147,413,309,95,497,376,125,202,404,402
93,203,322,281,372,120,375,418,345,415,177,152,448,146,198,161,482,226,142,479,456,269,128,338,276,242,233,138,498,496,230,447,458,287,356,137,200,286,328,220,344
94,134,480,406,125,165,131,118,127,243
95,324,172,369,194,127,319,345,295,307,316,216,300,164,470,464,112,386,299,385,188,123,163,289,280,229,454,179,408,176,371,494,451
96,419,162,100,119,306,117,426,473,150,200,432,397,488,196,460,406,216,220,410,325,234,343,188,288,385,446,287,416,168,377,366,212,383,496,136,424,405,431,106,109,452
97,162,419,488,478,144,189,425,376,364,174,415,386,311,252,104,167,315,432,258,265,230,301,314,119,433,463,499,136,221,139,457,212,440,103,428,269,339
98,136,315,174,330,188,234,390,416,388,437,135,447,393,284,359,283,143,230,286,177,140,337,106,490,205,401,299,249,458,200,499,260,430,354,301,212,307,428,123,335
99,408,424,108,132,416,471,217,239,158,475,422,451,431
100,403,352,221,451,199,126,327
101,434,377,210,465,202,461,266,337,194,478,109,325,307,150,372,268,174,332,319,401,195,349,154,317,408,233,322,449,487,141,341,296,258,288,292,371,475,424,264,353,222,131,358,400,335,279,464,426,499,209,383,474,365,139,423,144,291
102,164,293,289,362,232,238,407,427,385,406,116,237,338,440,414,265,480,288,131,223,200,295,371,377,234,230,201,202,345,401,217,226,399,203,182,466,166,199,184,444,433,346,269,140,415,248,254,344,436,395,341,189,115,134,258,431,490,305,287,356
103,440,298,226,136,119,176,129,131,454,393,361,249,242,147,342,138,482,117,451,442,339,203,229,478,265,384,488,425,269,133,144,381
104,485,453,418,167,107,135,180,154,203,350,393,389,137,404,263,447,371,175,291,124,247,138,125,471,208,202,168,455,412,218,346,443,280,244,380,334,281,497,133,213,257,387,290,206
105,210,316,274,420,286,487,281,362,287,459,473,428,467,309,167,488,248,209,355,189,358,175,477,499,416,298,469,439,220,128,155,249,437,339,418,132,113,484,150,170,161,123,357,479,222,433,360,192,283,285,348,427,111,334,463,365,353,272,127,275,171,296
106,463,276,498,439,482,260,412,425,457,134,477,198,242,164,459,445,274,152,382,168,268,369,269,385,331,177,368,132,352,283,338,157,443
107,120,421,486,249,343,117,241,165,269,396,282,182,414,216,394,401,366,224
108,182,386,478,263,275,238,376,350,169,288,204,306,349,200,408,461,367,440,321,115,456,455,354,258,343,158,223,340,324,198,378,150,173,489,235,205,211,355,392,406,385
109,160,374,459,290,427,360,343,257,291,120,213,275,203,424,252,288,315,255,331,271,379,482,226,404,215,208,289,481,234,277,194
110,224,158,155,169
111,288,134,266,151,344,395,280,112,358,258,208,294,207
112,194,392,384,344,350,453,403,171,493,436,302,348,268,366,191,389,458,334,304,362,365,482,327,134,426,196,180,248,170,413,160,491,222,274,333,184,143,309,294,163,289,475,435,388,430,357,181,285,339,438,422,244,114,233,360,312,132,319,380,236,117,465,372,383,404
113,432,258,230,293,260,280,458,384,410,359,394,439,156,125,364,185,422,263,226,488,391,319,202,429,497
114,217,348,179,187,292,384,487,195,423,416,242,128,274
115,177,356,143,228,118,209,428,183,155,132,128,256,127,396,461,257,270,116,366,437,414,271,190,289,304,418,187,385,381,470,475,494,424,402,166,195,443,471,404,216,287,165,491,247,462,426,168,358,441,264,499,345,416,459,268,445,447,265
116,395,238,316,150,241,337,225,202,438,141,210,200,136
117,195,394,219,258,222,463,167,246,164,391,186,357,310,328,143,416,160,288,437,373,483
118,298,188,329,408,464,376,296,250,137,217,372,246,166,340,350,211,410,466,463,428,269,276
119,249,213,435,407,439,309,190,340,125,487,180,422,479,352,262,148,446,128,322,231,163,453,219,259,239,366,488,138,142,288,349
120,219,150,127,252,153,316,302,394,259,239,184,419,411,406,443,392,277,162,351
121,399,146,419,235,250,386,362,445,328,259,205,310,249,125,271,171,256,145,197,422,265,326,352,478,371,499,288,315,463,134
122,439,367,405,316,275,198,492,123,261,183,387,264,160,281,422,418,303,348,211,479,320,229,309,237
123,235,406,369,229,315,217,304,137,445,242,307,336
124,430,278,491,341,364,403,319,402,371,397,219,386,478,484,475,200,436,415,420,194,230,462,244,381,399,276,205,424,269,227,203,345,140,368,327,422,231,157,411,178,247,196,388,482,457
125,167,147,359,294,308,495,148,418,463,225,245,445,416,179,280,226,283,241,426,386,316,477,144,191,264,468,260,331,198,401,185,478,288,408,257,458,160,232,479,181,218,473,368,244,464,414,193,334,319
126,350,191,282,177,186
127,221,431,391,326,352,277,228,401,250,428,146,451,422,271,324,425,463,260,254,190,293,295,333,383,166,370,456,189,465,435,476,280,304,334,437,395,136,193,345,299,494,170,467,245,175,335,471,381,436,489,213,224,131,359,329,316,414,248
128,396,232,288,312,213,203,321,466,345,343,371,270,462,273,247,447,464,342
129,276,198,419,169,427,432,287,368,482,135,405,273,288
130,380,235,312,270,191
131,479,388,199,344,350,149,249,273,192,313,158,424,200,318,172,391,376,227,417,179,493,248,152,402,352,208,473,197,212,361,274,201,178,439,414,264,373,250,471,314,358,416,400,333,405,419,430,378,280,226,346,163
132,224,453,281,248,217,428,263,309,211,299,133,458,336,345,381,393,292,313,264,418,363,268,283,234,230,396,321,314,394,318,219,450,289,468,296,324,342,317,364,446,484,157,232,293,171,297,392,406,459,302,356,390,316
133,201,486,401,439,256,180,367,153,287,402,316,276,185,325,234,165,217,400,470,442,446,389,315,410,496,154,236,292,170,489,419,455,481,340,364,477,373,358,443,381,194,248,346,230,200,275,409,351,210,322,155,337,423,269,480,451,474,173,219,199,182,476,242,484,413,317,168,186,488,467
134,498,366,263,148,422,225,348,257,462,350,389,250,158,341,189,481,364,452,208,368,280,274,167,248,178,300,252,320,420
135,320,392,340,224,473,426
136,144,390,202,149,361,160,278,299,447,209,240,205,391,394,468,449,173,397,352,166,386,253,497,424,446,321,339,195,311,161,494,331,371,180,282,463,289,168,308,401,300,370,465,304,176,378,343
137,311,384,246,243,296,226,327,375,440,219,390,319,416,411,266,271,301,284,482,324,237,223,476,201,408,155,221,424,444,295,212,297,360,250,292,421,343,217,364,278,185,473,488,157,193,342,298,145,347,255,206,486,179,348,202,229,329,402,493,238,274,142,188,362,318,257,451,236,191,228
138,446,355,424,370,430,363,490,234,362,224,150,381,171,261,244,452
139,183,151,468,278,454,400,147,379,206,355,389,292,350,265,201,384,357,301,426,474,430,193,479,427
140,302,436,469,308,410,316,418,437
141,450,451,295,366,346,396,185,455,186,196,144,223,483,187,277,343,379,439,260,176,461,154,194,431,479,476,202,429,333,149,161,300,432
142,355,213,242,153,342,360,234,491,424,296,478,145,238,207,196,193,279,297,330,454,374,282,379,378,463,485,429,389,323,176,340,290,301,333,329,241,269,434,402
143,146,499,260,408,476,337,468,470,432,378,192,262,404,195,258,450,383,301,399,234,165,238,257,152,482,300
144,406,286,350,434,201,298,470,380,336,407,439,322,343,180,209,355,262,179,162,363,443,279,294,345,359,247,462,234,308,486,233,338,436,198,375,283,296,184,344,170,288,339,437,153,426,173,379,212,333,491,186,495,220,364,274,259,202,185,440,222,275
145,489,364,322,328,443,425,252,258,401,196,249,285,472,250,333,336,319,286,409,275,185,256,166,188,369,407,372,431,198,389,363
146,180,304,310,403,335,485,159,165,392,493,255,428,470,253,437,378,469,409,381,466,360,208,457,447,211,294,314,187,456,330,149,446,170,221,471,215,414,240,388,479,309,354,225,172,293,379,268,476,431,181,252,292,366,287,227,239,459,166,488,265,383
147,345,210,380,192,445,319,163,206,382,253,249,259,425,203,344,255,205,229,188,204
148,405,490,342,231,452,292,162,325,335,329,492,428,418,300,188,416,336,470,362,272,260,306,404,432,379,442,244,268,182,194,198,466,369,401,375,299,474,388,422
149,492,393,445,480,167,381,433,388,468,151,358
150,401,315,470,494,301,261,233,429,198,287,391,309,468,159,399,328,152,237,344,307,479,225,495,187,347,415,265,416,248,170,430,420,477,180,466,338,215,452,262,232,356,182,199,291
151,224,349,334,183,165,404,427,304,373,218,369,267,246,316,298,339,442,178,235,229,219,367,425,357,279,247,230,330,445,193,306,462,288,444,486,284,452,176
152,409,216,171,360,224,313,250,435,383,388,200,170,289,280,307,358,281,205,486,266,248,268,321,318,376,293,466,242,480,297,163,457,498,420,362
153,397,391,302,406,228,475,381,320,282,368,392,334,301
154,458,393,363,322,176,289,248,424,430,340,484,184,470,492,321,319,224,402,168
155,338,423,429,218,244,200,473,496,466,248,493,393,379,449,179,185,329,265,242,382,456,413,364,472,191,252,198,336,277,221,328,437,421,385,315,383,458,319,485,160,462,451,487,243,359,266,430,365,170,234,213,341,241,207,474,376,361
156,499,447,313,306,242,456,381,189,210,425,383,318,459,262,205,183,341,366,345,240,445,195,263,256,363,382,215,162,379,347,401,277,307,185,261,427,280,432,238,303,209,165,354,213,449,167,390,494,478,300,497,438
157,181,446,486,420,257,229,282,331,428,364,183,396,175,285,230,348,369,468,214,180,186,465,336,411,222,378,351,256,372,201,451,251,481,367,188,460,158,421,169,485,179,388
158,308,197,219,360,220,202,416,299,343,326,453,411,405,408,266,232,319,286,476,224,488,481,394,472,190,468,256,239,467,497,376,479,371,221,159,196,223,258,344,471,404,407,380,315,176,210,250,389,356,424,234,293,313,437,460,167,331,261
159,439,276,455,430,367,298,318,378,250,435,179,388,217,442,370,178,395,257,242,266,425,290,198,356,410,207,234,478,494,337,258,295,259,274,401,172,249,268,470,346,456,312,190,448,171,326,254
160,308,291,490,236,198,273,407,412,487,334,297,339,444,266,338,387,414,380,286,171,170,245,238,457,425,367,300,355,382,216,256,475,491,470,336,206,449,168,301,389,418,432,255,331,480,400,347,264,303,328,242,353,419,496,399,232,274,226,335,392,290,208,330,214,267,225,262,233
161
162,481,170,197,392,340,247,388,461,250,338,376,245,448,428,359,447,263,373,446,331,350,258,363,464,249,467,402,387,492,473,165,443,198,332,257,289,337
163,243,356,368,495,376,170
164,173,436,479,238,293,423,292,488,419,349,413,306,356,231,486,398,179,307,383,467,360,338,480,380,481,327,379,347,441,275,240,278,181,284,384,397,498,305,457,425,395,189,187,333,354,335,285,374,246,167,351,222,247,459,424,301,396
165,363,417,414,230,194,485,302,219,473,387,293,191,355,171,243,359,415,227,411,279,458,380,225,390
166,395,275,292,318,241,465,430,341,363,415,414,397,258,405,426,428,192,464,393,412,362,406,194,485,214,400,444,434,385,177,248,223,212,243,201,178
167,192,312,281,220,287,365,447,349,481,406,427,498,173,223,280,463,283,183,332,275,465,443,225,250,333,256,400,393,239,263,448,337,470,169,310,261,385,308,451,181,230,384,361,318,178,414,462,298,423,460,386,391,213,473,370,441,235,319
168,485,230,355,393,416,313,440,235,214,484,218,225,482,396
169,363,380,258,370,424,205,416,274,428,317,199,297,240,300,488,207,306,333,298,304,189
170,438,219,319,197,445,221,434,418,425,420,295,475,447,243,196,489,463,303,482,333,237,446,327,411,199,347,216,291,396,491,378,252,204,364,228,426,456,472,220,404,474,361,195,419,454,205,225,177,173,248,285,320,324,342,306
171,313,338,384,208,214,336,178,444,461,399,200,426,260,374,381,391,389,398,202,464,491,327,484,435,372,462,487,437,310,383,295,283,400,238,271,440,466
172,488,469,292,447,324,179,332,347,176,493,247,372,194,250,212,355,203,192,478,461,300,213,326,479,392,218,344,460,330,417,427,359,198,495,302,188,216,303,186,298,297,422,450,221,454,317,287,418,405,215,394,449,452,263,386
173,476,363
174,181,331,393,485,224,207,370,382,328,287,271,316,204,195,364,476,434,398,206,352,311,258,448,238,427,344,241,208,444,483,371,187,495,452,262
175,489,414,239,179,217,452,423,295,276,463,357,203,186,330,222,499,435,272,242,492,185,216,215,245,262,267,178,402,202,224,418,485,181,364,351,490
176,429,229,313,431,476,212,465,446,466,461,470,456,343,482,235,353,270,268,367,256,356,352,487,213
177,220,285,471,192,302,261,272,399,344,378,380,191,401,481,388,381,426,428,230,450,252,460,420,185,214,392,454,366,282,482,274,430,260,319,300,296,484,429,371,215,404,387,269
178,309,262,483,218,258,267,257,440,326,270,422,273,282,463,324,370,246,430,486,497,224,425,484,494,347,404,400,365,351,279,242,369,211
179,335,246,492,497,267,330,417,191,280,457,487,490,327,308,287,385,252,256,294,324,212,343,389,468,450,225,204,382,190,346,216,269,326,408,334,384,329,215,353,321,314,485,272,421,495,394,254,265,347,350,371,192,205,181,247,410
180,302,208,402,348,226,412,476,293,404,460,301,183,438,271,373,489,382,350,325,451,471,363,414,479,370,393,401,439,222,231,207,332
181,463,372,388,311
182,285,362,440,488,289,499,463,261,270,382,224,282,444,331,490,266,422,314,292,498,404,236,326,361,441,238,445,242,487,408,412,221,202,380,208,385,302,207,403,247,420,350,189,256
183,343,380,288,287,285,318,314,251,400,360,435,273,463,336,295
184,292,229,459,377,446,188,284,456,477,466,354,428,342,335,491,454,219,345,434,463,285,260,283,499,220,473,498,334,211,197,275,295,384,458,467,191,200,396,436,413,476,370,314,323,271,268,487,439,235
185,222,351,195,383,329
186,472,401,202,398,400,461,325,422
187,392,283,333,226,296,259,291,478,448,406,431,491,402,376
188,367,345,416,306,381,387,216,322,231,319,441,484,293,232,481,344,496,314,259,238,192,474,359,378,221,257,318,449,193,355,328,270,321,349,419,305,385,283,279,333,276,457,480,478
189,491,438,283,349,295,496,194,490,191,448,382,229,404,343,291,213,447,253,233,419,468,335,443,364
190,265,273,266,227,457,288,340,274,424,397,462,450,456,382,283,244,300,289,202,405,279,384,268,264,403,460,402,291,446,441,237
191,328,424,456,462,476,271,201,432,195,464,295,336,342,231,302,459,337,380,368,264,491,477,273,293,335,268,212,290,334,252,241,426,311,463,289,286,230,308,257,387,244
192,477,228,498,426,300,320,492,285,259,370,458,466,350,440,392,255,216,456,222,319,248,336,449,217,205,309,349,472,470,214,418,193,344,415,367,381,273,443,215,430,268,490,272,235,301,271,352,365
193,244,228,266,202,264,400,314,438,377,275,276,313,407,305,332,406,340,387,347,371,393,258,401,489,445,209,492,307,455,397,410
194,370,471,247,463,476,394,284,316,272,497,411,271,419,348,488,372,282,283,439,375,219,407,340,270,207,298,224,449,325,362,227,331,498,469,366,344,413,409,412,486,482,306,424,459,373,326,343,312,458,390
195,261,361,341,434,274,467,307,385,386,410,472,333,310,265,409,416,461,270,432,404,368,233,217,492,355,379,431,483,278,479,370,352,463,259,359,339,437,221,489,338,374,473,196,290,210,405,202,279,428
196,308,210,279,334,290,375,347,353,304,299,222,426,224,306,360,398
197,456,231,427,359,309,235,358,253,339,259,225,202,430,246,482,328,385,382,255,327,343,481,324,441,263,401,292,477,451,485,280,297,350,489,258,210,498,473,421,218,274,226,272,217,437,345
198,349,450,401,224,289,253,426,214,232,495,417,316,271,368,470,475,397,353,223,399,218,415,239,319,412,301,296,228
199,325,407,408,411,421,319,255,349,270,209,453,278,432,264,350,267,245,381,210,398,233,494,302,375,394,219,345,424,261,346,428,493,208,315,369,461,413,326
200,294,374,482,388,456,311,431,296,464,325,453,323,480,240,369,461,433,235,357,444,353,437,352,241,203,496,327,450,383,497,251,248,439,320,451,410,430,335,438,351,256,349,358
201,496,415,497,401,474
202,314,258,276,477,331,440,323,235,450,375,257,441,456,475,489,463,403,355,465,397,206,271,493,406,342,416,307,395,238,378
203,363,395,270,352,315,460,222,350,357,496,448,295,452,268,274,239,356,209,416,467,324,225,381,358,277,398,418,278,402,290,434,241,303,361,479,342,320,300,236,472,321,493
204,301,472,390,227,474,253,333,377,208,429,229,404,469,371,267,256,389,375,460,230,216,440,250,259,237,277,452,326,274,378,439,463,456,350,433,338,370,298,419,392
205,451,488,394,494,410,312,236,384,337,469,471,481,378,375,280,270,421,286,269,373,300,445,459,448,252,357
206,426,408,313,285,337,414,405,268,354,342,497,211,330,373,404,431,295,423,425,444,323
207,431,314,481,272,257,368,374,234,453,356,289,256,212,308,235,342,250,217,376,329,247,208,274,407
208,443,379,488,389,422,291,245,306,420,304,399,413,359,448
209,487,440,435,380,496,344,320,404,438,495,403,350,443,428,300,485,363,296,360,313,225,413,304,409,490,308,481,492,374,217,215,245,498,238,472,376,499,436,452,407,259,250,469,382,276,244
210,309,330,292,445,221,386,462,278,290,328,367,448,401,296,366,465,443,289,284,446,220,409,387,237,455,281,361,382,434
211,258,385,481,412,445,399,224,463,269,361,357,480,421,344
212,270,235,439,296,238,460,332
213,340,258,256,308,248,395,268,470,439,355,290,283,495,348,275,481,484,266,263,299,409,393,421,445,218,467,297,215,265,232,375,267,264,370,342,247,333,412,305,259,485,466,230,377,426,387,269,358,301,329
214,242,227,498,435,282,411,389,274,476,410
215,233,391,348,313,413,265,321,494,260,456,363,251,238,480,379,263,382,371,429,300,440,283,375,368,259,439,241,217,373,488,360,451,400,385,310,308,388,218,466,344,434,372
216,227,317,405,307,225,265,272,338,347,229,315,478,312,321,412,436,319,386,350
217,237,255,469,318,423,456,477,475,460,319,411,354,369,409,451,416,419,297,279,228,485,313,410,241,269,445,288,482,426,466,479,392,367,388,326,236,437,274,244,471,404,278,412
218,257,351,221,242,330,465,263,361,358,245,430,410,399,445,280,357,290,379,466,289,303,264,349,440,424,235,238,433
219,398,486,244,434
220,389,256,314,491,387,497,310,499,221,422,379,255,437,251,431,313,364,371
221,310,484,384,351
222,453,246,465,257,485,415,376,466,386,407,402,287,463
223,391,402,354,384,403,329,367,456,267,352,397,407,475,368,227,494,404,235,345
224,433,426,291,290,341,319,463,490,334,479,499,469,263,468,300,266,298,474,429,378,432,260,302,466,366,243,294,446,482,262,323,245,425,385,448,481,452,247,413,497,411,414,248,465,458,234,322,296,312,485,436
225,452,291,268,262,465,403,251,415,368,351,300,353,281,486,239,242,466,389,497,459,454,332,275,398,247,427,469,462,474,471,385,488,431,237,288,487,330,305,343,269,457,318,248,229,473,363,310,273,405,235,411
226,446,423,264,394,364,340,497,458,315,391,379,471,316,318,382,482,244,496,411,306,435,415,450,445,491,279,274,246,371,278,358,456,492,324,300,399,419,237,312,233,417,326,232,290,395,380,304,470
227,408,348,354,324,445,449,344,286,308,396,390,302,468
228,376,276,357,352,379,345,461,283,297,425,319,498,349,246,473,308,490,247,265,286,433
229,268,390
230,412,293,331,353,403,408,430,250,468,301,325,428,268,477,419,335,275,255,315,257,300,280,469,453,302,356
231,370
232,368,443,438,343,299,407,394,435,296,335,405,471,259,439,355,477,288,294,457,475,334,408,445,382,370
233,429,345,441
234,360,371,440,380,438,257,318,350,497,403,414,244,395,265,467,443,474,375,370,304,442,277,256,309,372,289,354,387,363,301,348,329,272
235,445,452,287,428,314,397,319,463,277,247,310,254,472,498,403,272,268,298,369,425
236,399,285,452,280,364,251,254,350,335,424,345,480,340,414,427,413,325,361,469,295,302,292,389,263,253,411,486,367,309,453,419,390,238,358,422,268,243,360,244,337,288,300,491,396
237,455,343,402,273,405,331,438,279,342,307,420,377,291,379,476,347,321,240,280,398
238
239,356,470,404,460,438,272,376
240,466,360,437,356,249,448,317,359,310,350,393,417,460
241,295,417,255,478,440,382,279,375,280,262,410,474,469,266,408,495,277,461,326,253,325,403,290,284,317,294,449,310,268,372
242,382,245,332,406,411,265,455,451,329,267,494,436,373,334,270,459,348,317,417,422,447,282
243,290,378,250,496,443,265,315,469,383,387,495,346,380,381,477,424
244,389,290,342,301,285,440,316,405,312,413,403,372,438,326,288,380,264,282,269,434,336,414,485,491,461,363,313,490,447,466,404,340,458,467,275,412,350,478,395,455,407,441,401,303,484,255,424,371,279,286,422,333,261
245,309,247,402,279,308,430,432,322,366,363,339,360,477,342,492,376,447,475,283,311,262,351,434,420,404,364,400,409,341,373,343,427,476,482,374,310,296
246,284,388,315,453,383,437,465,468,322,397,471,337,494,478,325,358,497,273,323,477,313,445,482,299,336,418,340,357
247,370,292,266,393,478,427,409,416,295,340,301,360,381,333,312,406,273,417,371,382,483,267,317
248,289,470,410,394,376,344,395,384,391,368,260
249,400,452,393,287,403,407,415,259,372,404,301,388,493,482,308,295,270,474,472,263,296,350,383,386,335,306,300,390,429,341,401,333,329,469,283
250,398,252,319,292,453,280,346,361,418,267,318,353,272,496
251,330,419
252,428,344,423,324,311,293,408,404,429,320,257,255,476,288,452,325,372,477,276,273,364,464,462,409,348,299,480,272,328,478,371,397,391,335,260,294,382,434,421,349,351
253,477,305,353,282,464,435,412,331,356,281,371,459,419,421,472,408,321,390,478,443,318,335,373,278,273,455,401,377,286,496,379,280,368,475,283,425,258,395,446,380,367
254,349,310,401,416,275,318,390,361,492,488,295,421,415,369,469,264,388,378,408,480,332,409,329,283,367,289,255,356,456,334,422,436
255,345,398,288,341,307,438,400,305
256,413,316,260,343,297,279,488,475,263,283,452,465,463,336,392,377,386,437,477,369,258,292,267,398,296
257,265,286,454,314,457,414,329,353,433,478,336,290,431,444,331,293,377,470,320,403,493,298,462,289,294,355,391
258,479,339,420,292,472,471,435,302,341,266,351,429,404,350,299,426,364,294
259,468,414,497,480,291,325,425,363,319,448,399,314,403,477,456,429,266,377,274,400,389,349,498,459,385,388,362,366,447,373,338,357,331,450
260,349,282,332,364,386,322,324,368,302,312,359,329,436,423,397,443,287,360,321,489,481,281,327
261,470,478,479,354,352,280,492,266,400,300,412,389,366,335,310,404,302,284,355,456,411,269,466,373,341,396,413,331,301,476,424,490,305,423,282
262,423,460,299,308,287,278,401,282,332,394,329,440,351,298,276,317,373,497,338,398,374,409,274,314,352,265,364,311,443,337,345,397,297,414,438,266,370,442,427,431,419,429
263,312,401,478,456,296,319,483,384,314,471,425,380,344,269,268,316,466
264,279,498,496,401,358,443,449,427,453,452,329,311,357,379,318,372,360,364,313,374,298,328,305
265,498,466,497,400,479,410,304,342,302,465,310,474,477,350,385,328,300,408,382,495,373,269,370,282,418,360,320,363,457,486
266,476,401,423
267,308,364,496,416,420,277,439,320,479,373,468,355,280,452,421,448,392,396,325,316
268,294,412,313,430,383,396,394,428,324,336,337,458,471,494,392,318,284,328,389,358,377
269,492,320,474,468,351,411,424
270,464,279,423,410,394,396,325,490,469,381,408,485,314,329,443,382,321,421,280,339,429,293,444,287,377,453,400,493
271,482,327,439,377,385,475,373,467,273,307,329,460,416,376,388,316,302,489
272,354,485,363,445,403,298,293,414,311,319,468,384,284,377,365,367,297,426,396,433,359,480,286,398,410,351
273,414,449,330,446,432,406,301,304,485,415,306,284,434,486,477,373,338,285,281,341,295,404,279,460,423,280
274,445,456
275
276,329
277,331,296,284,336,429,318,499,321,445,298,471,357,383,343,401,486,452,483,293,373,344,425,356,304,394,473,325,283,442
278,315,363,290,386,358,466,323,414,413,294,448,467,405,464,490,455,342,494,310,401,336,351,392,357,301,282,330,380,487,371,428,477,317,319,281,449,499,437,345,495,305
279,373,473,405,435,496,415,288,338
280,488,379,307,457,371,377,321,365,313,421,342,339,467,477,442,445,433,426
281,329,307,375,286,499,425,362,374,429,428,478,471,479,480,491,441,420,350,474,448,384,310,372,465,345,344,423,466,416,421,290,321,381,330,489,373,294,361,326,467,395
282,318,290,375,480,466,435,299,406,293,314,298,328,310,304,312,455,431,444,397,359,413,320,450,311,430,420,404,384,437
283,316,496,472,370,400,459,414,310,340,446,453,311,427,388,317,420,491,315,479,403,470,457,387,450,376,404,314,498,432,438
284,474,391
285,479,414,499,422,464,467,317,447,474,461,377,290,398,462,453,370,481,344,307,293,359,424,327,349,333,455,322,498,419,287,308,355,326,393,353,338,367
286,320,377
287,334,470,396,490,347,478,411,402,326,448,430,397,476,488,327,341,311,479,394,463,489,468,447,373,452,493,329,483,473,317
288,339,348,463,490,378
289,335,314,494,418,491,485,305,372,350,349,452,293,395,492,464,398,421,435,406,498,383,340,473,442,449,463,475,365,471
290,463,440,368,379,305,470,497,318,477,360,371,295,472,447,409,344
291,413,357,305,454,350,379,317,354,353,418,406,487,492,368,480
292,469,348,389,342,369,305,332,381,357,313,366,365,456,411,388,497,454,335,358,418,464,294,496,408,429,445,302,398,426,493
293,412,489,352,400,297,419,342,312,351,356,320,340,376,336,330,396,323,392,482,434,333,302,298,418,309,413
294,480,404,380,376,408,426,369,445,417,418,479,467,452,299,432,361,342,427,295,470,395,386,331,477,439,414
295,492,387,418,408,339,452,308,426,480
296,344,332,462,353,381,487,486,328,479
297,389,444,353,409,355,430,372,385,410,438,460,408,333,354,366,394,478,310,327,345,479,398,428,391,384,397,464,484,475,436,359,404
298,339,431,494,372,363,375,442,486,324,449,317,331,303,414,399,404,499,308,393,470
299,462
300,477,371,463,389,382,345,458,315,351,449,444,465,336,482,407,342,483,473,497
301,319,408,461,390,303,382,352,373,341,443,470,365,369,428,405,492,316,466
302,487,388,332,485,331,437,460,499,323,398,494,401,394,306,492,362,404,452,427,491,455,318,469,421,364,416,392,408,488,383,424,365,334,342,475,370,312,327
303,395,369,477,439,329,469,455,348,486,381,438
304,391,443,357,321,379,454,400,442,388,317,362,455,377,386
305,494,315,403,383,405,474
306,457,363,439,393,321,406,375,384,473,422,407,325
307,436,414,386,407,456,356
308,393,311,475,463,435,413,384,324,314
309,339,314,441,471,386,357,358,406,464,375,311,433,393,349,353,400,494,394,499,313,430,496,367,428,446,344,457
310,433,334,471,454,461,362,364,316,415,359,381,421,349,475,458,419,340,443,439,414,479,413,391,313,403,400,444
311,318,459,378,420,475,473,334,428,371,377,461,442,441,352,447,454,368,498,450,414,418,467,350
312,464,349,460
313,436,376,477,343,426,342,467,316,419,400,321,422,331
314,437,316,374,410,371,491,361,379,364,418,391,320,330,381,429,380,396,342,406,360,368,430,386,476
315,400,368,355,320,337,331,427,423
316,364
317,485,400,433,492,395,434,365,388,459,425,480,441,366,420,361,373,453,489,491,390,448,484,475,449,346,442,458,435,421,394
318,364,406,475,333,452,403,448,391,351,373,422,443,339,483,375,437,326,470,390,423,383,442,468,417,440,327,353,471,325,418,338,359,342
319,345,446,373,493,499,484,359,329,491,492,406,333,418,320,440,469,452,427,439,490,470,376,424,428,348,400,498,488,462,408
320,440,336
321,328,405,410,436,368,462,389
322,409,338,469,468,374,403,360,451,443,400,455,357,331,436,411,399,428,328,423
323,492,482,467,351
324,341,347,415,408,327,373,469,440,402,386,493,477,417,459,368,332,434,457,447,409,475,403,414,444,395,470
325,462,329,415,373,492,495,493,442,352,414,487,450,355,364,386
326,490
327,343,441,402,369,368,351,331,394,493,435,345,405,370,396,378,429,397,353,387,426
328,479,401,455,465,432,496,363,394,411,422,477,421,372,395,469,483,470,336,407,350,398,491,444,487,389
329,372
330,413,438,411,468,336,427,428,443,377,340,392,436
331,432,461,384,442,429,405,451,423,356,383,376,494,368,496,389,458,493,350,387,436,476
332,408,365,476,420,424,351,401,454
333,384,369,413,382,439,379,372,344,495,493,486
334,420,473,356,390,385,339,362,359,367,490,374,459,484,476,429,389,466,483,363,393,411,482,422
335
336,409,396,379,419,374,466,404,493,472,450,467,369,423,445,490,444,464,431,448,350,410,378,338,417,359,389,488,437,344,454,426,407,477,427,471
337,483,496,387,382,368,424,356,358,493,497,367,346,435,351,380,440,412,494,352,447
338,431,375,464,466,399,410,472,449,376,361,391,351,486,474,408,358
339,443,361,416,412,397,357,462,487,447,417,407,414,380
340,498
341,382,398,404,434,436,357
342,420,364,483,424,475,488
343,444,472,360,479
344,453,359,423,421,463,481,452,393,384,475,410,424,434,478,479,381
345,409,477,388,384,348,488,374,397,454,402,430,391,462,497,436,413,423,452,495,449
346,490,441,369,452,497,349,350,399,385,353,486,487
347,377,422,354,452,478,420,435,369,367,413,419,458,431,348,405,407,429,393,391,410,386
348,371,451,397,476,388,414,486,477,368,361,413,423,461,355,436,404,350,454,416,475,466,447,433,357
349,493,470,420,453,396,437,484,450,419,368,418,417,354,496,408,427,363,490,389
350,455,359,358,367,483,490,437,447,351,460,481,364,457,409,486
351,493,417,357,489,370,371,443,363,411,421,476,497,394,464,375,495,422,457,492,496,436,380,446,445,413,467,449,361,377,478,407,406
352,364,382,363,412,480,385,479
353,383,440,380,355,487,495,455,472,366,489,458,456,417,409,467
354,355,478,450,375,437,487,439,485,471,443,400,470
355,404,477,423,433,406,397,394,410,438,398
356,466,465,383,371,495,468,393,374
357,427,373
358,471,387,466,441,386,394,429,420,416,433,409,380,397,398,378,384
359,406,445,491,400,472,459,443,483,365,478,377,372,499,480,469
360,459,413,437,371,377,440,450
361,380,370,374,426,486,417,391,415,476,411,449,439,453,379,376,457,383,463
362,378,490,367,431
363,453,403,400,445
364,385,383,374,474,398,396,419,443,408,410,450,379,495,489,467,403
365,489
366,434,476,457,442,385,381
367,472,489,452,396,412,445,497,394,384,416,372,463,386,419,421,414,425,435,498,433,373,428,466,402,395
368,490,398,497,421,441,381,492,495,403,416
369,494,473,451,474,472,428,372,444,468,418,388,455,371,396,461,466,476,370,496
370,390,415,414,394,499,449
371,445,438,490,486,424,408,471,399,489,447,436,498,433,382,374,381,444,469,407
372,450,429,473,394,384,463,444,377,457,434,492,380,452,465
373,406,374
374,421,488,411,387,452,397,481,471,375
375,408,445,402,479,457,392,474,487,481,458
376,485,417,490,399,495,428,486,418,458,455,413,410,471,448,378,389,493,392,491,444,404,385
377,464,420,496,387,440
378,410,438,488,380,477,456,479
379,481,424,498,451,438,472,436,393,430,427,460
380,403,399
381,416,478,489,417,471,485
382,401,383,390,456,406,487,484
383,441,493,405,463,411,427,428,451,459,492,471,477,403,431,442,423
384,416,486,421,413,394
385,435,469,386,437,424,387,458,440,415,451,491,422,414,389,393,416,401,391,411,495,452,405,484,472,485,465,498,403
386,454,404,392,398,429,401,483,395,494,492,499,430,464
387
388,485,462,396,475,418,450,424,410
389,492,407,396,443,391,439,393,453,412,454,456,499
390,393,436,495,439,449,488
391,474,398,447,404,471,426
392,437,488
393,497,468,401,491,429,415,454,448,482,451,484,441,486,469,422,405,499,472,452
394,484,417,398,457,493,491,453,452
395,461,471
396,451,409
397,474,468,495,455,482,451,490,402
398,499,453,490,415,482,462,440,459,455,441
399,459,407
400,422
401,493,436,488,432,458,418,474,437,409,463,496,495,470,451,472,429,414,454,465,404,481,477
402,438,442,406,421,487,479,412,470,448,467,404
403,456,481,436,408,478,432,465,409,493
404,459,443
405,409,497,474,486,471,484,427,411,422
406,482,430,449
407,437,427
408,453,445,432,481,465,499,478,444,417,470,410,415,454,416,452,497
409,447,441,417,439,449,489,415
410,484,412,499
411,495,484,434,456,426,449,420,445,471
412,424,476,465,418,493,445,419
413,480,479
414,477,444,428,422,473,481,429,440,482,430,459,493,478,419,431,495
415,444,436,487
416,468,476,453,417,435,470,497,477,436,454,427,449,421,462
417,461,449,428,460,484,452,455,438,462,472,427
418,482,455,476,443
419,478,499,491,485,459
420,432,495,498,426,439,457,463,445,489,497,428,451
421,428,440,446,460,496,431,443,468
422,487,442
423,487,457,460,482,429,461,452,470
424
425,441,476,486
426
427,495,468,490,499,469,482,461,457,438
428,445
429,487,431,485,438,498
430,489,490,446,481,488,458,450,484,474,455
431,479,488,496
432,474,446,473
433,487,436,475,441,485,456
434,437,465,456,483,443,486
435,440,436,490,482,472,464,485,445,469,480
436,474,446
437,492,479,454,478,466,445,438,439
438
439,491,459,473,461
440,471,441,495
441,478,475,443,488,469,449,472,458,452,460
442,495,455,456,470,479,445,463
443,482,451,497,473,489,487
444,492,451,474,465
445,472,496,463,483,481,458,471,487,476,491,479,489,477,475,474
446,450,493,459,454,483,447,494
447,471,487
448,497,480,490,485,466,476,483,493
449
450,492,491,462,476,478,473,486,464
451,453,464
452,463,493,483
453,473,480,499,471
454,487,475
455,464,491,479,471,474,467,482,484
456,471,495,481,487,499,489
457,498,461,496,467,497,471,477
458,478,489,484,496,493,475
459,487,481,464,483,482,467
460,497,479,481,475,482,492,489,469,472,486
461
462,466,470,499
463,484,495,466
464
465
466,472,498,483
467,496
468,484,486
469,499,486
470,474,483,478
471,475,484
472,477,475,495,498,488
473,489,492,497,479,478,499,485,475,474
474
475,490
476,480
477,485,487
478,488,491,498
479,480,482
480,490,494,482
481,492,498,485
482
483,488,486,484
484,497
485,488
486,491
487,492
488
489
490,496,495
491
492
493
494
495
496
497
498
499
